DEPARTAMENTO,DISTRITO,POBLACION
AMAZONAS,CHACHAPOYAS,23839
AMAZONAS,ASUNCION,318
AMAZONAS,BALSAS,1173
AMAZONAS,CHETO,671
AMAZONAS,CHILIQUIN,930
AMAZONAS,CHUQUIBAMBA,1833
AMAZONAS,GRANADA,509
AMAZONAS,HUANCAS,468
AMAZONAS,LA JALCA,4845
AMAZONAS,LEIMEBAMBA,3083
AMAZONAS,LEVANTO,1008
AMAZONAS,MAGDALENA,832
AMAZONAS,MARISCAL CASTILLA,922
AMAZONAS,MOLINOPAMPA,2245
AMAZONAS,MONTEVIDEO,673
AMAZONAS,OLLEROS,407
AMAZONAS,QUINJALCA,930
AMAZONAS,SAN FRANCISCO DE DAGUAS,313
AMAZONAS,SAN ISIDRO DE MAINO,606
AMAZONAS,SOLOCO,1424
AMAZONAS,SONCHE,341
AMAZONAS,LA PECA,8460
AMAZONAS,ARAMANGO,10277
AMAZONAS,COPALLIN,4807
AMAZONAS,EL PARCO,1466
AMAZONAS,IMAZA,29323
AMAZONAS,JUMBILLA,1003
AMAZONAS,CHISQUILLA,440
AMAZONAS,CHURUJA,377
AMAZONAS,COROSHA,796
AMAZONAS,CUISPES,712
AMAZONAS,FLORIDA,5319
AMAZONAS,JAZAN,6979
AMAZONAS,RECTA,300
AMAZONAS,SAN CARLOS,480
AMAZONAS,SHIPASBAMBA,1572
AMAZONAS,VALERA,971
AMAZONAS,YAMBRASBAMBA,5480
AMAZONAS,NIEVA,25909
AMAZONAS,EL CENEPA,12650
AMAZONAS,RIO SANTIAGO,13687
AMAZONAS,LAMUD,1908
AMAZONAS,CAMPORREDONDO,5352
AMAZONAS,COCABAMBA,1807
AMAZONAS,COLCAMAR,1944
AMAZONAS,CONILA,1739
AMAZONAS,INGUILPATA,542
AMAZONAS,LONGUITA,900
AMAZONAS,LONYA CHICO,906
AMAZONAS,LUYA,3461
AMAZONAS,LUYA VIEJO,387
AMAZONAS,MARIA,880
AMAZONAS,OCALLI,2831
AMAZONAS,OCUMAL,3266
AMAZONAS,PISUQUIA,4646
AMAZONAS,PROVIDENCIA,1337
AMAZONAS,SAN CRISTOBAL,615
AMAZONAS,SAN FRANCISCO DEL YESO,661
AMAZONAS,SAN JERONIMO,800
AMAZONAS,SAN JUAN DE LOPECANCHA,572
AMAZONAS,SANTA CATALINA,1629
AMAZONAS,SANTO TOMAS,3054
AMAZONAS,TINGO,1279
AMAZONAS,TRITA,1185
AMAZONAS,SAN NICOLAS,4456
AMAZONAS,CHIRIMOTO,2202
AMAZONAS,COCHAMAL,690
AMAZONAS,HUAMBO,2546
AMAZONAS,LIMABAMBA,1527
AMAZONAS,LONGAR,1553
AMAZONAS,MARISCAL BENAVIDES,1694
AMAZONAS,MILPUC,636
AMAZONAS,OMIA,8559
AMAZONAS,SANTA ROSA,560
AMAZONAS,TOTORA,466
AMAZONAS,VISTA ALEGRE,2292
AMAZONAS,BAGUA GRANDE,46839
AMAZONAS,CAJARURO,24445
AMAZONAS,CUMBA,7817
AMAZONAS,EL MILAGRO,5011
AMAZONAS,JAMALCA,6459
AMAZONAS,LONYA GRANDE,8565
AMAZONAS,YAMON,3084
AYACUCHO,AYACUCHO,89170
AYACUCHO,ACOCRO,8204
AYACUCHO,ACOS VINCHOS,4756
AYACUCHO,CARMEN ALTO,21879
AYACUCHO,CHIARA,5571
AYACUCHO,OCROS,5595
AYACUCHO,PACAYCASA,2845
AYACUCHO,QUINUA,5604
AYACUCHO,SAN JOSE DE TICLLAS,2278
AYACUCHO,SAN JUAN BAUTISTA,41135
AYACUCHO,SANTIAGO DE PISCHA,1455
AYACUCHO,SOCOS,7520
AYACUCHO,TAMBILLO,5487
AYACUCHO,VINCHOS,16108
AYACUCHO,JESUS NAZARENO,10098
AYACUCHO,CANGALLO,5464
AYACUCHO,CHUSCHI,6806
AYACUCHO,LOS MOROCHUCOS,7780
AYACUCHO,MARIA PARADO DE BELLIDO,2091
AYACUCHO,PARAS,4831
AYACUCHO,TOTOS,3436
AYACUCHO,SANCOS,2897
AYACUCHO,CARAPO,2132
AYACUCHO,SACSAMARCA,1506
AYACUCHO,SANTIAGO DE LUCANAMARCA,2382
AYACUCHO,HUANTA,37130
AYACUCHO,AYAHUANCO,7971
AYACUCHO,HUAMANGUILLA,4367
AYACUCHO,IGUAIN,3381
AYACUCHO,LURICOCHA,6474
AYACUCHO,SANTILLANA,4523
AYACUCHO,SIVIA,8923
AYACUCHO,SAN MIGUEL,11779
AYACUCHO,ANCO,8591
AYACUCHO,AYNA,8316
AYACUCHO,CHILCAS,1815
AYACUCHO,CHUNGUI,4441
AYACUCHO,LUIS CARRANZA,1215
AYACUCHO,TAMBO,11454
AYACUCHO,SANTA ROSA,10043
AYACUCHO,PUQUIO,2529
AYACUCHO,AUCARA,2137
AYACUCHO,CABANA,995
AYACUCHO,CARMEN SALCEDO,1082
AYACUCHO,CHAVIÑA,1906
AYACUCHO,CHIPAO,2475
AYACUCHO,HUAC-HUAS,1311
AYACUCHO,LARAMATE,1374
AYACUCHO,LEONCIO PRADO,881
AYACUCHO,LLAUTA,1307
AYACUCHO,LUCANAS,2529
AYACUCHO,OCAÑA,2202
AYACUCHO,OTOCA,1437
AYACUCHO,SAISA,354
AYACUCHO,SAN CRISTOBAL,1791
AYACUCHO,SAN JUAN,602
AYACUCHO,SAN PEDRO,2841
AYACUCHO,SAN PEDRO DE PALCO,1121
AYACUCHO,SANCOS,2655
AYACUCHO,SANTA ANA DE HUAYCAHUACHO,487
AYACUCHO,SANTA LUCIA,789
AYACUCHO,CORACORA,9865
AYACUCHO,CHUMPI,2076
AYACUCHO,CORONEL CASTAÑEDA,860
AYACUCHO,PACAPAUSA,712
AYACUCHO,PULLO,3757
AYACUCHO,PUYUSCA,1975
AYACUCHO,SAN FRANCISCO DE RAVACAYCO,856
AYACUCHO,UPAHUACHO,1334
AYACUCHO,PAUSA,2227
AYACUCHO,COLTA,417
AYACUCHO,CORCULLA,388
AYACUCHO,LAMPA,1647
AYACUCHO,MARCABAMBA,471
AYACUCHO,OYOLO,979
AYACUCHO,PARARCA,411
AYACUCHO,SAN JAVIER DEL ALPABAMBA,546
AYACUCHO,SAN JOSE DE USHUA,183
AYACUCHO,SARA SARA,511
AYACUCHO,QUEROBAMBA,2187
AYACUCHO,BELEN,259
AYACUCHO,CHALCOS,515
AYACUCHO,CHILCAYOC,549
AYACUCHO,HUACAÑA,367
AYACUCHO,MORCOLLA,1244
AYACUCHO,PAICO,603
AYACUCHO,SAN PEDRO DE LARCAY,768
AYACUCHO,SAN SALVADOR DE QUIJE,1135
AYACUCHO,SANTIAGO DE PAUCARAY,622
AYACUCHO,SORAS,799
AYACUCHO,HUANCAPI,1777
AYACUCHO,ALCAMENCA,1704
AYACUCHO,APONGO,770
AYACUCHO,ASQUIPATA,430
AYACUCHO,CANARIA,2570
AYACUCHO,CAYARA,1139
AYACUCHO,COLCA,1198
AYACUCHO,HUAMANQUIQUIA,1006
AYACUCHO,HUANCARAYLLA,1613
AYACUCHO,HUAYA,1994
AYACUCHO,SARHUA,2676
AYACUCHO,VILCANCHOS,2689
AYACUCHO,VILCAS HUAMAN,6412
AYACUCHO,ACCOMARCA,1211
AYACUCHO,CARHUANCA,822
AYACUCHO,CONCEPCION,2289
AYACUCHO,HUAMBALPA,1747
AYACUCHO,INDEPENDENCIA,1331
AYACUCHO,SAURAMA,1141
AYACUCHO,VISCHONGO,3780
HUANCAVELICA,HUANCAVELICA,35341
HUANCAVELICA,ACOBAMBILLA,2258
HUANCAVELICA,ACORIA,20378
HUANCAVELICA,CONAYCA,838
HUANCAVELICA,CUENCA,1816
HUANCAVELICA,HUACHOCOLPA,2103
HUANCAVELICA,HUAYLLAHUARA,688
HUANCAVELICA,IZCUCHACA,1041
HUANCAVELICA,LARIA,853
HUANCAVELICA,MANTA,887
HUANCAVELICA,MARISCAL CACERES,904
HUANCAVELICA,MOYA,1158
HUANCAVELICA,NUEVO OCCORO,1846
HUANCAVELICA,PALCA,2661
HUANCAVELICA,PILCHACA,659
HUANCAVELICA,VILCA,2092
HUANCAVELICA,YAULI,20402
HUANCAVELICA,ASCENCION,10350
HUANCAVELICA,ACOBAMBA,8706
HUANCAVELICA,ANDABAMBA,3411
HUANCAVELICA,ANTA,5582
HUANCAVELICA,CAJA,2129
HUANCAVELICA,MARCAS,1951
HUANCAVELICA,PAUCARA,10352
HUANCAVELICA,POMACOCHA,2945
HUANCAVELICA,ROSARIO,5202
HUANCAVELICA,LIRCAY,22111
HUANCAVELICA,ANCHONGA,6911
HUANCAVELICA,CALLANMARCA,744
HUANCAVELICA,CCOCHACCASA,3130
HUANCAVELICA,CHINCHO,1102
HUANCAVELICA,CONGALLA,3769
HUANCAVELICA,HUANCA-HUANCA,1398
HUANCAVELICA,HUAYLLAY GRANDE,1230
HUANCAVELICA,JULCAMARCA,1048
HUANCAVELICA,SAN ANTONIO DE ANTAPARCO,931
HUANCAVELICA,SANTO TOMAS DE PATA,1272
HUANCAVELICA,SECCLLA,2570
HUANCAVELICA,CASTROVIRREYNA,3014
HUANCAVELICA,ARMA,1440
HUANCAVELICA,AURAHUA,1732
HUANCAVELICA,CAPILLAS,1332
HUANCAVELICA,CHUPAMARCA,1027
HUANCAVELICA,COCAS,914
HUANCAVELICA,HUACHOS,1624
HUANCAVELICA,HUAMATAMBO,594
HUANCAVELICA,MOLLEPAMPA,1157
HUANCAVELICA,SAN JUAN,808
HUANCAVELICA,SANTA ANA,1247
HUANCAVELICA,TANTARA,790
HUANCAVELICA,TICRAPO,1630
HUANCAVELICA,CHURCAMPA,4851
HUANCAVELICA,ANCO,5424
HUANCAVELICA,CHINCHIHUASI,2338
HUANCAVELICA,EL CARMEN,2447
HUANCAVELICA,LA MERCED,693
HUANCAVELICA,LOCROJA,3680
HUANCAVELICA,PACHAMARCA,2294
HUANCAVELICA,PAUCARBAMBA,4852
HUANCAVELICA,SAN MIGUEL DE MAYOCC,804
HUANCAVELICA,SAN PEDRO DE CORIS,2728
HUANCAVELICA,HUAYTARA,1894
HUANCAVELICA,AYAVI,796
HUANCAVELICA,CORDOVA,1318
HUANCAVELICA,HUAYACUNDO ARMA,433
HUANCAVELICA,LARAMARCA,597
HUANCAVELICA,OCOYO,1069
HUANCAVELICA,PILPICHACA,4121
HUANCAVELICA,QUERCO,844
HUANCAVELICA,QUITO-ARMA,807
HUANCAVELICA,SAN ANTONIO DE CUSICANCHA,1569
HUANCAVELICA,SAN FRANCISCO DE SANGAYAICO,1241
HUANCAVELICA,SAN ISIDRO,719
HUANCAVELICA,SANTIAGO DE CHOCORVOS,720
HUANCAVELICA,SANTIAGO DE QUIRAHUARA,2621
HUANCAVELICA,SANTO DOMINGO DE CAPILLAS,1059
HUANCAVELICA,TAMBO,955
HUANCAVELICA,PAMPAS,8519
HUANCAVELICA,ACOSTAMBO,3925
HUANCAVELICA,ACRAQUIA,4118
HUANCAVELICA,AHUAYCHA,4338
HUANCAVELICA,COLCABAMBA,12585
HUANCAVELICA,DANIEL HERNANDEZ,9080
HUANCAVELICA,HUACHOCOLPA,2980
HUANCAVELICA,ROBLE,1078
HUANCAVELICA,HUARIBAMBA,4262
HUANCAVELICA,ÑAHUIMPUQUIO,1602
HUANCAVELICA,PAZOS,5845
HUANCAVELICA,QUISHUAR,759
HUANCAVELICA,SALCABAMBA,4160
HUANCAVELICA,SALCAHUASI,3091
HUANCAVELICA,SAN MARCOS DE ROCCHAC,2639
HUANCAVELICA,SURCUBAMBA,4651
HUANCAVELICA,TINTAY PUNCU,2664
HUANUCO,HUANUCO,77336
HUANUCO,AMARILIS,71157
HUANUCO,CHINCHAO,15587
HUANUCO,CHURUBAMBA,17886
HUANUCO,MARGOS,6420
HUANUCO,QUISQUI,5274
HUANUCO,SAN FRANCISCO DE CAYRAN,5006
HUANUCO,SAN PEDRO DE CHAULAN,3832
HUANUCO,SANTA MARIA DEL VALLE,20388
HUANUCO,YARUMAYO,2694
HUANUCO,PILLCO MARCA,27827
HUANUCO,AMBO,16204
HUANUCO,CAYNA,3310
HUANUCO,COLPAS,2556
HUANUCO,CONCHAMARCA,5433
HUANUCO,HUACAR,7617
HUANUCO,SAN FRANCISCO,2175
HUANUCO,SAN RAFAEL,9511
HUANUCO,TOMAY KICHWA,3711
HUANUCO,LA UNION,4498
HUANUCO,CHUQUIS,3806
HUANUCO,MARIAS,5623
HUANUCO,PACHAS,6064
HUANUCO,QUIVILLA,1101
HUANUCO,RIPAN,5413
HUANUCO,SHUNQUI,2006
HUANUCO,SILLAPATA,3119
HUANUCO,YANAS,2662
HUANUCO,HUACAYBAMBA,5224
HUANUCO,CANCHABAMBA,2767
HUANUCO,COCHABAMBA,1555
HUANUCO,PINRA,6003
HUANUCO,LLATA,11649
HUANUCO,ARANCAY,1827
HUANUCO,CHAVIN DE PARIARCA,3755
HUANUCO,JACAS GRANDE,5934
HUANUCO,JIRCAN,1555
HUANUCO,MIRAFLORES,3199
HUANUCO,MONZON,12797
HUANUCO,PUNCHAO,1973
HUANUCO,PUÑOS,4606
HUANUCO,SINGA,3070
HUANUCO,TANTAMAYO,2074
HUANUCO,RUPA-RUPA,51633
HUANUCO,DANIEL ALOMIA ROBLES,7057
HUANUCO,HERMILIO VALDIZAN,3941
HUANUCO,JOSE CRESPO Y CASTILLO,22329
HUANUCO,LUYANDO,8844
HUANUCO,MARIANO DAMASO BERAUN,11428
HUANUCO,HUACRACHUCO,12908
HUANUCO,CHOLON,5797
HUANUCO,SAN BUENAVENTURA,2289
HUANUCO,PANAO,18174
HUANUCO,CHAGLLA,9828
HUANUCO,MOLINO,11407
HUANUCO,UMARI,10613
HUANUCO,PUERTO INCA,11039
HUANUCO,CODO DEL POZUZO,6578
HUANUCO,HONORIA,5639
HUANUCO,TOURNAVISTA,5186
HUANUCO,YUYAPICHIS,5355
HUANUCO,JESUS,4331
HUANUCO,BAÑOS,2763
HUANUCO,JIVIA,1855
HUANUCO,QUEROPALCA,753
HUANUCO,RONDOS,4893
HUANUCO,SAN FRANCISCO DE ASIS,2290
HUANUCO,SAN MIGUEL DE CAURI,4883
HUANUCO,CHAVINILLO,6261
HUANUCO,CAHUAC,2262
HUANUCO,CHACABAMBA,2498
HUANUCO,APARICIO POMARES,6196
HUANUCO,JACAS CHICO,2347
HUANUCO,OBAS,5395
HUANUCO,PAMPAMARCA,1831
HUANUCO,LA MORADA,2502
JUNIN,HUANCAYO,122724
JUNIN,CARHUACALLANGA,411
JUNIN,CHACAPAMPA,1023
JUNIN,CHICCHE,996
JUNIN,CHILCA,84883
JUNIN,CHONGOS ALTO,1376
JUNIN,CHUPURO,2260
JUNIN,COLCA,1156
JUNIN,CULLHUAS,2430
JUNIN,EL TAMBO,154888
JUNIN,HUACRAPUQUIO,1395
JUNIN,HUALHUAS,4762
JUNIN,HUANCAN,15757
JUNIN,HUASICANCHA,800
JUNIN,HUAYUCACHI,9340
JUNIN,INGENIO,2402
JUNIN,PARIAHUANCA,6392
JUNIN,PILCOMAYO,17675
JUNIN,PUCARA,5430
JUNIN,QUICHUAY,1825
JUNIN,QUILCAS,4235
JUNIN,SAN AGUSTIN,12972
JUNIN,SAN JERONIMO DE TUNAN,10900
JUNIN,SAÑO (San Pedro de Saño),4797
JUNIN,SANTO DOMINGO DE ACOBAMBA,5770
JUNIN,SAPALLANGA,17950
JUNIN,SICAYA,9042
JUNIN,VIQUES,2257
JUNIN,CHANCHAMAYO,28248
JUNIN,PERENE,46309
JUNIN,PICHANAQUI (Bajo Pichanaqui),42545
JUNIN,SAN LUIS DE SHUARO,5555
JUNIN,SAN RAMON,23629
JUNIN,VITOC (Pucará),2255
JUNIN,CONCEPCION,14656
JUNIN,ACO,1653
JUNIN,ANDAMARCA,4735
JUNIN,CHAMBARA,2586
JUNIN,COCHAS,1869
JUNIN,COMAS,6157
JUNIN,HEROINAS TOLEDO (San Antonio de Ocopa),1234
JUNIN,MANZANARES (San Miguel),1469
JUNIN,MARISCAL CASTILLA (Mucllo),1741
JUNIN,MATAHUASI,4755
JUNIN,MITO,1287
JUNIN,NUEVE DE JULIO (Santo Domingo del Prado),1724
JUNIN,ORCOTUNA,4148
JUNIN,SAN JOSE DE QUERO,5633
JUNIN,SANTA ROSA DE OCOPA (Santa Rosa),1929
JUNIN,JUNIN,9738
JUNIN,CARHUAMAYO,4666
JUNIN,ONDORES,1593
JUNIN,ULCUMAYO,4603
JUNIN,SATIPO,34910
JUNIN,COVIRIALI,4127
JUNIN,LLAYLLA,3721
JUNIN,MAZAMARI,20944
JUNIN,PAMPA HERMOSA (Mariposa),3968
JUNIN,PANGOA (San Martín de Pangoa),45819
JUNIN,RIO NEGRO,20008
JUNIN,RIO TAMBO (Puerto Ocopa),23808
JUNIN,JAUJA,14841
JUNIN,ACOLLA,6626
JUNIN,APATA,4585
JUNIN,ATAURA,1254
JUNIN,CANCHAYLLO,4452
JUNIN,CURICACA (El Rosario),1277
JUNIN,EL MANTARO (Pucucho),2434
JUNIN,HUAMALI,1614
JUNIN,HUARIPAMPA,990
JUNIN,HUERTAS,2015
JUNIN,JANJAILLO,757
JUNIN,JULCAN,968
JUNIN,LEONOR ORDOÑEZ (Huancani),1506
JUNIN,LLOCLLAPAMPA,1302
JUNIN,MARCO,1629
JUNIN,MASMA,1881
JUNIN,MASMA CHICCHE,793
JUNIN,MOLINOS,1713
JUNIN,MONOBAMBA,1328
JUNIN,MUQUI,941
JUNIN,MUQUIYAUYO,2163
JUNIN,PACA,1022
JUNIN,PACCHA,1768
JUNIN,PANCAN,1459
JUNIN,PARCO,1359
JUNIN,POMACANCHA,1569
JUNIN,RICRAN,1398
JUNIN,SAN LORENZO,2155
JUNIN,SAN PEDRO DE CHUNAN,688
JUNIN,SAUSA,2469
JUNIN,SINCOS,3552
JUNIN,TUNAN MARCA (Concho),1101
JUNIN,YAULI,1264
JUNIN,YAUYOS,5576
JUNIN,TARMA,44542
JUNIN,ACOBAMBA,8813
JUNIN,HUARICOLCA,2043
JUNIN,HUASAHUASI,9151
JUNIN,LA UNION (Leticia),2911
JUNIN,PALCA,5892
JUNIN,PALCAMAYO,3072
JUNIN,SAN PEDRO DE CAJAS,3654
JUNIN,TAPO,3795
JUNIN,LA OROYA,14786
JUNIN,CHACAPALPA,826
JUNIN,HUAY-HUAY,1167
JUNIN,MARCAPOMACOCHA,869
JUNIN,MOROCOCHA,3964
JUNIN,PACCHA,1502
JUNIN,SANTA BARBARA DE CARHUACAYAN,724
JUNIN,SANTA ROSA DE SACCO,7239
JUNIN,SUITUCANCHA,870
JUNIN,YAULI,3058
JUNIN,CHUPACA,24555
JUNIN,AHUAC,6765
JUNIN,CHONGOS BAJO,4475
JUNIN,HUACHAC,2954
JUNIN,HUAMANCACA CHICO,5704
JUNIN,SAN JUAN DE YSCOS (Yscos),2516
JUNIN,SAN JUAN DE JARPA (Jarpa),3187
JUNIN,TRES DE DICIEMBRE,2573
JUNIN,YANACANCHA,2950
LAMBAYEQUE,CHICLAYO,282222
LAMBAYEQUE,CHONGOYAPE,16708
LAMBAYEQUE,ETEN,10631
LAMBAYEQUE,ETEN PUERTO,2344
LAMBAYEQUE,JOSE LEONARDO ORTIZ,159033
LAMBAYEQUE,LA VICTORIA,79450
LAMBAYEQUE,LAGUNAS (Mocupe),8467
LAMBAYEQUE,MONSEFU,32688
LAMBAYEQUE,NUEVA ARICA,2326
LAMBAYEQUE,OYOTUN,6977
LAMBAYEQUE,PICSI,7811
LAMBAYEQUE,PIMENTEL,26343
LAMBAYEQUE,REQUE,13448
LAMBAYEQUE,SANTA ROSA,10929
LAMBAYEQUE,SAÑA,8312
LAMBAYEQUE,SANTA ROSA,10929
LAMBAYEQUE,CAYALTI,14076
LAMBAYEQUE,PATAPO,19147
LAMBAYEQUE,POMALCA,22640
LAMBAYEQUE,PUCALA,7248
LAMBAYEQUE,TUMAN,25397
LAMBAYEQUE,FERREÑAFE,32583
LAMBAYEQUE,CAÑARIS,12804
LAMBAYEQUE,INCAHUASI,14191
LAMBAYEQUE,MANUEL ATONIO MESONES MURO,3787
LAMBAYEQUE,PITIPO,17992
LAMBAYEQUE,PUEBLO NUEVO,12131
LAMBAYEQUE,LAMBAYEQUE,64401
LAMBAYEQUE,CHOCHOPE,1698
LAMBAYEQUE,ILLIMO,9074
LAMBAYEQUE,JAYANCA,15358
LAMBAYEQUE,MOCHUMI,17690
LAMBAYEQUE,MORROPE,41204
LAMBAYEQUE,MOTUPE,25146
LAMBAYEQUE,OLMOS,40244
LAMBAYEQUE,PACORA,6870
LAMBAYEQUE,SALAS,13549
LAMBAYEQUE,SAN JOSE,13329
LAMBAYEQUE,TUCUME,21808
LORETO,IQUITOS,141038
LORETO,ALTO NANAY (Sta. María de Nanay),3765
LORETO,FERNANDO LORES (Tamshiyacu),14773
LORETO,INDIANA,11507
LORETO,LAS AMAZONAS (Fco. de Orellana),9773
LORETO,MAZAN,13713
LORETO,NAPO (Sta. Clotilde),13664
LORETO,PUNCHANA,77177
LORETO,PUTUMAYO (Puca Urco),3
LORETO,TORRES CAUSANA (Pantoja),5370
LORETO,BELEN,61068
LORETO,SAN JUAN BAUTISTA,101097
LORETO,YURIMAGUAS,71905
LORETO,BALSAPUERTO,15494
LORETO,JEBEROS,4216
LORETO,LAGUNAS,12105
LORETO,SANTA CRUZ,4336
LORETO,TENIENTE CESAR LOPEZ ROJAS (Shucushuyacu),5896
LORETO,BARRANCA,13763
LORETO,CAHUAPANAS,7574
LORETO,MANSERICHE (Borja),8966
LORETO,MORONA (Pto. América),7841
LORETO,PASTAZA,7917
LORETO,ANDOAS,10472
LORETO,NAUTA,29082
LORETO,PARINARI 2/,6182
LORETO,TIGRE (Intutu),7852
LORETO,TROMPETEROS (Villa Trompeteros),8314
LORETO,URARINAS (Concordia) 3/,12359
LORETO,RAMON CASTILLA (Caballococha),20549
LORETO,PEBAS,12884
LORETO,YAVARI (Amelia),13813
LORETO,SAN PABLO,14091
LORETO,REQUENA,24134
LORETO,ALTO TAPICHE (Sta. Elena),1786
LORETO,CAPELO (Flor de Punga),2979
LORETO,EMILIO SAN MARTIN (Tamango),6161
LORETO,MAQUIA (Sta. Isabel),7364
LORETO,PUINAHUA (Bretaña),4865
LORETO,SAQUENA (Bagazán),3467
LORETO,SOPLIN (Nva. Alejandría) 4/,876
LORETO,TAPICHE (Iberia),1152
LORETO,YAQUERANA (Bolognesi) * 5/,2526
LORETO,JENARO HERRERA,4303
LORETO,CONTAMANA,22974
LORETO,INAHUAYA,2687
LORETO,PADRE MARQUEZ (Tiruntán),5648
LORETO,PAMPA HERMOSA,5938
LORETO,SARAYACU (Dos de Mayo),12384
LORETO,VARGAS GUERRA (Orellana),8736
MADRE DE DIOS,TAMBOPATA (Pto. Maldonado),87510
MADRE DE DIOS,INAMBARI (Mazuco),11810
MADRE DE DIOS,LAS PIEDRAS 1/,9482
MADRE DE DIOS,LABERINTO (Pto. Rosario de Laberinto),5895
MADRE DE DIOS,FITZCARRALD 3/,1084
MADRE DE DIOS,MANU 2/,2541
MADRE DE DIOS,MADRE DE DIOS 4/,6272
MADRE DE DIOS,HEUPETUHE,6033
MADRE DE DIOS,IÑAPARI,1624
MADRE DE DIOS,IBERIA,5314
MADRE DE DIOS,TAHUAMANU (San Lorenzo),2798
PIURA,PIURA,172220
PIURA,CASTILLA,131184
PIURA,CATACAOS,64314
PIURA,CURA MORI (Cucungara),15737
PIURA,EL TALLAN (Sinchao),4773
PIURA,LA ARENA,34028
PIURA,LA UNION,34941
PIURA,LAS LOMAS,27031
PIURA,TAMBO GRANDE,91574
PIURA,VEINTISÉIS DE OCTUBRE,104469
PIURA,AYABACA,32333
PIURA,FRIAS,20283
PIURA,JILILI,2684
PIURA,LAGUNAS,6126
PIURA,MONTERO,6045
PIURA,PACAIPAMPA,20991
PIURA,PAIMAS,9003
PIURA,SAPILLICA,10296
PIURA,SICCHEZ,2294
PIURA,SUYO,11213
PIURA,HUANCABAMBA,27012
PIURA,CANCHAQUE,7442
PIURA,EL CARMEN DE LA FRONTERA,11630
PIURA,HUARMACA,33695
PIURA,LALAQUIZ (Tunal),4477
PIURA,SAN MIGUEL DE EL FAIQUE,8667
PIURA,SONDOR,6840
PIURA,SONDORILLO,9629
PIURA,PAITA,72073
PIURA,AMOTAPE,2105
PIURA,ARENAL,1148
PIURA,COLAN (San Lucas),13070
PIURA,LA HUACA,10744
PIURA,TAMARINDO,4350
PIURA,VICHAYAL (Sn. Felino de Vichayal),4645
PIURA,CHULUCANAS,78650
PIURA,BUENOS AIRES,8527
PIURA,CHALACO,7484
PIURA,LA MATANZA,13694
PIURA,MORROPON,11790
PIURA,SALITRAL,8011
PIURA,SAN JUAN DE BIGOTE (Bogote),6715
PIURA,SANTA CATALINA DE MOSSA,3512
PIURA,SANTO DOMINGO,6743
PIURA,YAMANGO,8737
PIURA,SECHURA,34921
PIURA,BELLAVISTA LA UNION (Bellavista),4160
PIURA,BERNAL,6264
PIURA,CRISTO NOS VALGA (San Cristo),3768
PIURA,RINCONADA LLICUAR (Dos Pueblos),2939
PIURA,VICE,14207
PIURA,SULLANA,155756
PIURA,BELLAVISTA,37159
PIURA,IGNACIO ESCUDERO (San Jacinto),17570
PIURA,LANCONES,12026
PIURA,MARCAVELICA,24872
PIURA,MIGUEL CHECA (Sojo),7498
PIURA,QUERECOTILLO,22948
PIURA,SALITRAL,6105
PIURA,PARIÑAS (Talara),86077
PIURA,EL ALTO,7445
PIURA,LA BREA (Negritos),11636
PIURA,LOBITOS,1289
PIURA,LOS ORGANOS,8752
PIURA,MANCORA,9527
PUNO,PUNO,118815
PUNO,ACORA,20762
PUNO,AMANTANI,4574
PUNO,ATUNCOLLA,4693
PUNO,CAPACHICA,8931
PUNO,CHUCUITO,7391
PUNO,COATA,7016
PUNO,HUATA,3180
PUNO,MAÑAZO,4953
PUNO,PAUCARCOLLA,4604
PUNO,PICHACANI (Laraqueri),5806
PUNO,PLATERIA,6853
PUNO,SAN ANTONIO (San Antonio de Esquilache),1323
PUNO,TIQUILLACA,2425
PUNO,VILQUE,2775
PUNO,AZANGARO,28903
PUNO,ACHAYA,3819
PUNO,ARAPA,7345
PUNO,ASILLO,14400
PUNO,CAMINACA,4333
PUNO,CHUPA,6954
PUNO,JOSE DOMINGO CHOQUEHUANCA,4063
PUNO,MUÑANI,6051
PUNO,POTONI,3494
PUNO,SAMAN,11514
PUNO,SAN ANTON,6974
PUNO,SAN JOSE,4778
PUNO,SAN JUAN DE SALINAS,3453
PUNO,SANTIAGO DE PUPUJA,4532
PUNO,TIRAPATA,2703
PUNO,MACUSANI,11419
PUNO,AJOYANI,2227
PUNO,AYAPATA,5445
PUNO,COASA,5886
PUNO,CORANI,3803
PUNO,CRUCERO,7356
PUNO,ITUATA (Tambillos),4990
PUNO,OLLACHEA,5130
PUNO,SAN GABAN (Lanlacuni Bajo),6291
PUNO,USICAYOS,2981
PUNO,JULI,19857
PUNO,DESAGUADERO,10105
PUNO,HUACULLANI,4211
PUNO,KELLUYO,4471
PUNO,PISACOMA,2360
PUNO,POMATA,13392
PUNO,ZEPITA,14762
PUNO,ILAVE,43493
PUNO,CAPAZO,713
PUNO,PILCUYO,9999
PUNO,SANTA ROSA (Mazo Cruz),3235
PUNO,CONDURIRI,2631
PUNO,HUANCANE,19708
PUNO,COJATA,4225
PUNO,HUATASANI,2513
PUNO,INCHUPALLA,3086
PUNO,PUSI,4798
PUNO,ROSASPATA,5183
PUNO,TARACO,12872
PUNO,VILQUE CHICO,9265
PUNO,LAMPA,11308
PUNO,CABANILLA,5377
PUNO,CALAPUJA,1959
PUNO,NICASIO,2831
PUNO,OCUVIRI,2172
PUNO,PALCA,1863
PUNO,PARATIA,2220
PUNO,PUCARA,5440
PUNO,SANTA LUCIA,6473
PUNO,VILAVILA,998
PUNO,AYAVIRI,22621
PUNO,ANTAUTA,5156
PUNO,CUPI,1827
PUNO,LLALLI,2714
PUNO,MACARI,6462
PUNO,NUÑOA,8322
PUNO,ORURILLO,7609
PUNO,SANTA ROSA,5538
PUNO,UMACHIRI,3248
PUNO,MOHO,14390
PUNO,CONIMA,3429
PUNO,HUAYRAPATA,3332
PUNO,TILALI,2772
PUNO,PUTINA,14116
PUNO,ANANEA,4178
PUNO,PEDRO VILCA APAZA (Ayrampuni),1922
PUNO,QUILCAPUNCU,4777
PUNO,SINA,1527
PUNO,JULIACA,213592
PUNO,CABANA,4449
PUNO,CABANILLAS (Deustua),4385
PUNO,CARACOTO,9744
PUNO,SANDIA,10771
PUNO,CUYOCUYO,5648
PUNO,LIMBANI,2623
PUNO,PATAMBUCO,4475
PUNO,PHARA,4541
PUNO,QUIACA,2171
PUNO,SAN JUAN DEL ORO,3697
PUNO,YANAHUAYA,2031
PUNO,ALTO INAMBARI (Massiapo),5792
PUNO,YUNGUYO,23751
PUNO,ANAPIA,1083
PUNO,COPANI,4680
PUNO,CUTURAPI (San Juan de Cuturapi),1067
PUNO,OLLARAYA (San Miguel de Ollaraya),2217
PUNO,TINICACHI,642
PUNO,UNICACHI (Marcaja),1072
PUNO,SAN MIGUEL,23761
UCAYALI,CALLARIA (Pucallpa),149723
UCAYALI,CAMPOVERDE,15986
UCAYALI,IPARIA,12588
UCAYALI,MASISEA,13031
UCAYALI,YARINACOCHA (Puerto Callao),92639
UCAYALI,NUEVA REQUENA,6270
UCAYALI,RAYMONDI,33044
UCAYALI,SEPAHUA,6246
UCAYALI,TAHUANIA (Bolognesi),9055
UCAYALI,YURUA,1883
UCAYALI,PADRE ABAD (Aguaytía),29131
UCAYALI,IRAZOLA (San Alejandro),12627
UCAYALI,CURIMANA,9405
UCAYALI,PURUS (Esperanza),3793
